<?xml version="1.0" encoding="UTF-8" standalone="yes"?>
<addon id="plugin.video.KingPlay"
       name="[COLOR gold][B]King [/COLOR]Play[/B]"
       version="1.0.1"
       provider-name="King Play">
  <requires>
    <import addon="xbmc.python" version="2.1.0"/>
    <import addon="script.module.beautifulsoup" version="3.2.1"/>
    <import addon="script.module.simple.downloader" version="0.9.4"/>
    <import addon="script.module.beautifulsoup4" />
    <import addon="script.module.requests" />
    <import addon="script.module.httplib2" />
    <import addon="script.module.liveresolver" version="0.1.24" optional="true"/>
    <import addon="script.module.youtube.dl" optional="true"/>
    <import addon="plugin.video.youtube" optional="true" />
	<import addon="plugin.video.SportsDevil" optional="true" />
    <import addon="script.module.urlresolver" optional="true"/>
    <import addon="script.module.simplejson" />    
     <import addon="script.module.livestreamer" optional="true"/>
     <import addon="script.module.pyamf" optional="true"/>
  </requires>
  <extension point="xbmc.python.pluginsource" library="default.py">
    <provides>video</provides>
  </extension>
  
  	
  <extension point="xbmc.addon.metadata">
    <summary>CANAIS [COLOR gold]|[/COLOR] FILMES [COLOR gold]|[/COLOR] SÉRIES[/B]</summary>
    <description>
[B][COLOR gold]King[/COLOR]Play - É apenas um agregador de links de reprodução vídeos externos. Não somos responsáveis pelos arquivos aqui encontrado.[/B]
[B][COLOR gold]King[/COLOR]Play - Levando o prazer e o lazer do entretenimento para vocês curtirem com a família e os amigos.[/B]
    </description>
    <platform>all</platform>
  </extension>
</addon>